<BackupInst xmlns="http://www.microsoft.com/GroupPolicy/GPOOperations/Manifest"><GPOGuid><![CDATA[{31B2F340-016D-11D2-945F-00C04FB984F9}]]></GPOGuid><GPODomain><![CDATA[area52.afnoapps.usaf.mil]]></GPODomain><GPODomainGuid><![CDATA[{691c09c4-1770-4d5d-94c8-96eb0964839f}]]></GPODomainGuid><GPODomainController><![CDATA[win2019packer.area52.afnoapps.usaf.mil]]></GPODomainController><BackupTime><![CDATA[2022-05-22T15:22:34]]></BackupTime><ID><![CDATA[{35E1800B-0F89-4AED-8DF0-E640F3EBA589}]]></ID><Comment><![CDATA[default GPO]]></Comment><GPODisplayName><![CDATA[Default Domain Policy]]></GPODisplayName></BackupInst>
